,addr1,addr2,areacode,cat1,cat2,cat3,contentid,contenttypeid,createdtime,firstimage,firstimage2,cpyrhtDivCd,mapx,mapy,mlevel,modifiedtime,sigungucode,tel,title,zipcode,lDongRegnCd,lDongSignguCd,lclsSystm1,lclsSystm2,lclsSystm3
0,충청남도 예산군 덕산면 온천단지2로 77,,34,B02,B0201,B02011300,3446629,32,20241216174259,http://tong.visitkorea.or.kr/cms/resource/22/3459522_image2_1.jpg,http://tong.visitkorea.or.kr/cms/resource/22/3459522_image3_1.jpg,Type3,126.6621238755,36.6888002118,6,20251126134729,11,,스파뷰호텔,32406,44,810,AC,AC02,AC020200
1,경상북도 경주시 엑스포로 45 (신평동),,35,B02,B0201,B02010100,3401777,32,20241030151615,,,,129.2909580639,35.8370478188,6,20251121155251,2,,더케이호텔경주,38116,47,130,AC,AC01,AC010100
2,경상북도 경주시 보문로 280-12 (북군동),,35,B02,B0201,B02010100,3354917,32,20240827181952,http://tong.visitkorea.or.kr/cms/resource/10/3354910_image2_1.jpg,http://tong.visitkorea.or.kr/cms/resource/10/3354910_image3_1.jpg,Type3,129.2774337692,35.8538484443,6,20251118170649,2,,키녹,38117,47,130,AC,AC01,AC010100
3,인천광역시 연수구 컨벤시아대로 165,,2,B02,B0201,B02010500,2007951,32,20150605021104,http://tong.visitkorea.or.kr/cms/resource/37/2720037_image2_1.jpg,http://tong.visitkorea.or.kr/cms/resource/37/2720037_image3_1.jpg,Type3,126.6444564277,37.3891939097,6,20251117155346,8,,오크우드 프리미어 인천,21998,28,185,AC,AC02,AC020100
4,강원특별자치도 양양군 손양면 선사유적로 678,,32,B02,B0201,B02010100,590440,32,20080719013445,http://tong.visitkorea.or.kr/cms/resource/71/2746771_image2_1.jpg,http://tong.visitkorea.or.kr/cms/resource/71/2746771_image3_1.jpg,Type3,128.6656244202,38.0870503017,6,20251114103806,7,1588-4888,쏠비치 양양,25042,51,830,AC,AC01,AC010100
5,강원특별자치도 양양군 강현면 복골길201번길 58,,32,B02,B0201,B02010700,979536,32,20100318230850,,,,128.5654068117,38.1416308966,6,20251114103454,7,010-4369-4008,복골온천펜션,25005,51,830,AC,AC03,AC030100
6,강원특별자치도 평창군 대관령면 오목길 107,,32,B02,B0201,B02010100,2757631,32,20211015192735,http://tong.visitkorea.or.kr/cms/resource/65/2762765_image2_1.jpg,http://tong.visitkorea.or.kr/cms/resource/65/2762765_image3_1.jpg,Type3,128.7179634388,37.6595036538,6,20251107152032,15,033-333-1000,라마다호텔&스위트평창,25342,51,760,AC,AC01,AC010100
7,강원특별자치도 평창군 방림면 감동지길 100,,32,B02,B0201,B02010700,2801593,32,20211218011545,http://tong.visitkorea.or.kr/cms/resource/92/2801592_image2_1.jpg,http://tong.visitkorea.or.kr/cms/resource/92/2801592_image3_1.jpg,Type3,128.2729367936,37.4781855533,6,20251107142719,15,,도그밀리(DOGMILY),25364,51,760,AC,AC03,AC030100
8,강원특별자치도 평창군 대관령면 솔봉로 325,,32,B02,B0201,B02010500,951444,32,20100218195536,http://tong.visitkorea.or.kr/cms/resource/56/2921356_image2_1.jpg,http://tong.visitkorea.or.kr/cms/resource/56/2921356_image3_1.jpg,Type3,128.6685317384,37.6609136479,6,20251107103554,15,033-339-1240,홀리데이인&스위트 알펜시아 평창,25351,51,760,AC,AC02,AC020100
9,강원특별자치도 홍천군 서면 한치골길 75-12,,32,B02,B0201,B02010700,139183,32,20070914090000,http://tong.visitkorea.or.kr/cms/resource/31/2920031_image2_1.jpg,http://tong.visitkorea.or.kr/cms/resource/31/2920031_image3_1.jpg,Type3,127.6671927372,37.6276930258,6,20251107102703,16,,신영펜션,25103,51,720,AC,AC03,AC030100
10,강원특별자치도 평창군 봉평면 석이바우길 71-20,,32,B02,B0201,B02010700,138661,32,20050713090000,http://tong.visitkorea.or.kr/cms/resource/96/2929696_image2_1.jpg,http://tong.visitkorea.or.kr/cms/resource/96/2929696_image3_1.jpg,Type3,128.3490214575,37.5758479263,6,20251107102243,15,033-334-5635,샬레리조트,25309,51,760,AC,AC03,AC030100
11,강원특별자치도 평창군 봉평면 흥정계곡길 72,,32,B02,B0201,B02010700,2376711,32,20160406222558,http://tong.visitkorea.or.kr/cms/resource/93/2376693_image2_1.JPG,http://tong.visitkorea.or.kr/cms/resource/93/2376693_image2_1.JPG,Type3,128.3519002081,37.6272975840,6,20251107101826,15,010-5213-3200,가을동화펜션,25300,51,760,AC,AC03,AC030100
12,강원특별자치도 철원군 동송읍 담터길 174-1,,32,B02,B0201,B02010700,563186,32,20080523181859,http://tong.visitkorea.or.kr/cms/resource/85/2929585_image2_1.jpg,http://tong.visitkorea.or.kr/cms/resource/85/2929585_image3_1.jpg,Type3,127.2044806739,38.1522372966,6,20251107101720,12,,마운틴밸리 펜션,24026,51,780,AC,AC03,AC030100
13,부산광역시 해운대구 해운대해변로197번길 12,,6,B02,B0201,B02010900,2754601,32,20211007224107,http://tong.visitkorea.or.kr/cms/resource/16/2754616_image2_1.jpg,http://tong.visitkorea.or.kr/cms/resource/16/2754616_image3_1.jpg,Type3,129.1531418525,35.1592408683,6,20251105161958,16,,더펫텔프리미엄스위트,48093,26,350,AC,AC04,AC040100
14,강원특별자치도 강릉시 창해로 307,,32,B02,B0201,B02010100,2603352,32,20190525021824,http://tong.visitkorea.or.kr/cms/resource/54/2603354_image2_1.jpg,http://tong.visitkorea.or.kr/cms/resource/54/2603354_image3_1.jpg,Type3,128.9186301059,37.7940780970,6,20251105153709,1,033-660-9000,세인트존스 호텔,25467,51,150,AC,AC01,AC010100
15,충청북도 단양군 단양읍 삼봉로 187-17,,33,B02,B0201,B02010500,228935,32,20071012090000,http://tong.visitkorea.or.kr/cms/resource/07/2496507_image2_1.jpg,http://tong.visitkorea.or.kr/cms/resource/07/2496507_image3_1.jpg,Type3,128.3626906905,36.9775838038,6,20251105152526,2,1588-4888,소노벨 단양,27012,43,800,AC,AC02,AC020100
16,전라남도 여수시 오동도로 61-15,,38,B02,B0201,B02011300,2823571,32,20220613180523,http://tong.visitkorea.or.kr/cms/resource/25/2823725_image2_1.jpg,http://tong.visitkorea.or.kr/cms/resource/25/2823725_image3_1.jpg,Type3,127.7506417828,34.7444510540,6,20251028150919,13,,여수 유탑 마리나 호텔&리조트,59744,46,130,AC,AC02,AC020200
17,강원특별자치도 인제군 기린면 상하답로 130,,32,B02,B0201,B02010500,2433873,32,20161011220831,http://tong.visitkorea.or.kr/cms/resource/15/2598215_image2_1.png,http://tong.visitkorea.or.kr/cms/resource/15/2598215_image2_1.png,Type3,128.2950634635,38.0012086833,6,20251028143439,10,1644-3366,인제스피디움,24654,51,810,AC,AC02,AC020100
18,부산광역시 해운대구 해운대해변로298번길 25 (중동),,6,B02,B0201,B02011300,2705418,32,20210204182119,http://tong.visitkorea.or.kr/cms/resource/20/2705420_image2_1.jpg,http://tong.visitkorea.or.kr/cms/resource/20/2705420_image3_1.jpg,Type3,129.1665100882,35.1609381479,6,20251027172925,16,,해운대 영무파라드호텔,48099,26,350,AC,AC02,AC020200
19,강원특별자치도 홍천군 종자산길 122,,32,B02,B0201,B02010500,2491622,32,20170502195646,http://tong.visitkorea.or.kr/cms/resource/30/2812930_image2_1.jpg,http://tong.visitkorea.or.kr/cms/resource/30/2812930_image2_1.jpg,Type3,127.6305759519,37.6504258226,6,20251027171147,16,010-4148-8713 / 02-1588-9983,힐리언스 선마을,25104,51,720,AC,AC02,AC020100
20,대구광역시 남구 앞산순환로93길 48,(대명동),4,B02,B0201,B02011100,2575180,32,20181208000720,http://tong.visitkorea.or.kr/cms/resource/79/2575079_image2_1.JPG,http://tong.visitkorea.or.kr/cms/resource/79/2575079_image3_1.JPG,Type3,128.5753098848,35.8343097649,,20251023143000,1,010-9511-5673,유원게스트하우스,42490,27,200,AC,AC06,AC060200
21,서울특별시 강서구 공항대로53나길 6-9,(등촌동),1,B02,B0201,B02011100,2610960,32,20190712223935,,,,126.8595266354,37.5550895591,,20251023143000,4,010-7172-9715,회랑정,07570,11,500,AC,AC06,AC060200
22,경기도 가평군 북면 가화로 2389-16,,31,B02,B0201,B02010700,3532570,32,20250908095420,,,,127.4750645309,37.9540959640,6,20251023143000,1,010-2430-8928,레젤프펜션,12401,41,820,AC,AC03,AC030100
23,경기도 하남시 산곡남로 208 (상산곡동),,31,B02,B0201,B02010700,3532731,32,20250908140238,,,,127.2144601003,37.4883453550,6,20251023143000,30,010-7486-5700,루이하우스,13028,41,450,AC,AC03,AC030100
24,경기도 양평군 청운면 몰운고갯길 306-11,,31,B02,B0201,B02010700,3532732,32,20250908140525,,,,127.7574683527,37.5166242399,6,20251023143000,19,010-9497-8921,온유랑,12532,41,830,AC,AC03,AC030100
25,경기도 양평군 청운면 가현길 440-1,,31,B02,B0201,B02010700,3532734,32,20250908140812,,,,127.7298401806,37.5207260307,6,20251023143000,19,010-9360-7286,메리도그하우스,12530,41,830,AC,AC03,AC030100
26,경기도 용인시 수지구 고기로377번길 51-21 (고기동),,31,B02,B0201,B02011600,3532750,32,20250908141346,,,,127.0648580065,37.3555747238,6,20251023143000,23,010-5309-1506,해우당,16801,41,465,AC,AC03,AC030200
27,전북특별자치도 무주군 적상면 개안길 21,,37,B02,B0201,B02010700,3532762,32,20250908143318,,,,127.7120381900,35.9654597978,6,20251023143000,5,010-4484-3301,전망대펜션,55529,52,730,AC,AC03,AC030100
28,경상북도 예천군 용문면 금당실길 78-1,,35,B02,B0201,B02011600,3532773,32,20250908145300,,,,128.4096697675,36.6918174421,6,20251023143000,16,010-4441-8816,덕용재4.9,36835,47,900,AC,AC03,AC030200
29,강원특별자치도 양양군 현남면 동산큰길 11,,32,B02,B0201,B02011100,3533003,32,20250908175239,,,,128.7589721719,37.9769815672,6,20251023143000,7,010-9925-5536,글림풀빌라,25053,51,830,AC,AC06,AC060200
30,경기도 양평군 단월면 섬이길 329-11,,31,B02,B0201,B02010700,3533005,32,20250908175813,,,,127.5794784866,37.6274164384,6,20251023143000,19,010-6888-6562,슬로우인풀빌라,12525,41,830,AC,AC03,AC030100
31,전라남도 나주시 금천면 금영로 954-14,,38,B02,B0201,B02011600,3533113,32,20250908205420,,,,126.7551803905,35.0326989172,6,20251023143000,6,010-3876-2655,금천재,58215,46,170,AC,AC03,AC030200
32,경상북도 영덕군 강구면 영덕대게로 509-9,,35,B02,B0201,B02010700,3533121,32,20250908211513,,,,129.4081289119,36.3912400941,6,20251023143000,12,010-3623-1070,딜라이트107풀빌라,36453,47,770,AC,AC03,AC030100
33,전라남도 여수시 율촌면 두언길 27,,38,B02,B0201,B02010700,3533123,32,20250908212028,,,,127.5416882792,34.8371481635,6,20251023143000,13,010-4169-2211,두언27,59603,46,130,AC,AC03,AC030100
34,전북특별자치도 전주시 완산구 태진로 4-37 (태평동),,37,B02,B0201,B02011600,3533156,32,20250908225113,,,,127.1386540909,35.8216660685,6,20251023143000,12,010-8588-5437,라라몽몽,54997,52,111,AC,AC03,AC030200
35,전북특별자치도 전주시 완산구 관선1길 83-1 (남노송동),,37,B02,B0201,B02011600,3533157,32,20250908225352,,,,127.1583857378,35.8190167119,6,20251023143000,12,010-8588-5437,미미몽몽,55035,52,111,AC,AC03,AC030200
36,전라남도 순천시 대대2길 46-9 (대대동),,38,B02,B0201,B02010700,3533170,32,20250908233221,,,,127.5089980884,34.8920386612,6,20251023143000,11,010-5610-1749,행복한하루,58027,46,150,AC,AC03,AC030100
37,충청북도 괴산군 청천면 괴산로 197,,33,B02,B0201,B02010700,3544316,32,20250925143259,,,,127.8075338463,36.6224781783,6,20251023143000,1,010-3171-1719,사담관광농원캠핑,28064,43,760,AC,AC03,AC030100
38,강원특별자치도 양양군 현남면 동산큰길 80,층,32,B02,B0201,B02011100,3533009,32,20250908180927,,,,128.7572888566,37.9813199202,6,20250924154739,7,010-3087-8881,인스턴트호텔,25053,51,830,AC,AC06,AC060200
39,전라남도 순천시 하풍동길 60 (풍덕동),2층,38,B02,B0201,B02011100,3532875,32,20250908164314,,,,127.5036890021,34.9400304009,6,20250924145415,11,010-3485-5588,세하,57994,46,150,AC,AC06,AC060200
40,경상북도 경주시 첨성로49번길 24-4 (사정동),,35,B02,B0201,B02011100,3533166,32,20250908232145,,,,129.2081514824,35.8351964627,6,20250922210208,2,010-4847-0765,아담게스트하우스,38167,47,130,AC,AC06,AC060200
41,서울특별시 마포구 월드컵북로6길 84 (동교동),5층,1,B02,B0201,B02011100,3533146,32,20250908222432,,,,126.9226346304,37.5600345566,6,20250922185023,13,010-5652-4485,준하우스3,03993,11,440,AC,AC06,AC060200
42,강원특별자치도 양양군 손양면 선사유적로 240-29,,32,B02,B0201,B02010700,138900,32,20060830090000,http://tong.visitkorea.or.kr/cms/resource/31/2920131_image2_1.jpg,http://tong.visitkorea.or.kr/cms/resource/31/2920131_image3_1.jpg,Type3,128.6864124691,38.0535323784,6,20250922154044,7,,보노펜션,25042,51,830,AC,AC03,AC030100
43,강원특별자치도 정선군 사북읍 지장천로 583,,32,B02,B0201,B02010900,2725982,32,20210715185819,http://tong.visitkorea.or.kr/cms/resource/83/2725983_image2_1.jpg,http://tong.visitkorea.or.kr/cms/resource/83/2725983_image2_1.jpg,Type3,128.8123847368,37.2267414821,6,20250922102942,11,,그랜드 인투라온호텔 정선,26152,51,770,AC,AC04,AC040100
44,대전광역시 동구 계족로 194-1 (대동),,3,B02,B0201,B02011100,3533154,32,20250908224549,,,,127.4418384792,36.3308438742,6,20250921232321,2,010-7571-3655,빨간대문,34610,30,110,AC,AC06,AC060200
45,서울특별시 성동구 왕십리로8길 19-5 (성수동1가),202호,1,B02,B0201,B02011200,3532633,32,20250908105339,,,,127.0468348118,37.5463689287,6,20250921215137,16,010-8600-1683,리틀포레한강,04778,11,200,AC,AC03,AC030400
46,전북특별자치도 군산시 구영신창길 64 (신창동),,37,B02,B0201,B02011100,3532632,32,20250908105057,,,,126.7075243665,35.9870953455,6,20250921214946,2,010-9467-0261,등불의 집,54022,52,130,AC,AC06,AC060200
47,경상북도 안동시 금곡길 21-8,(금곡동),35,B02,B0201,B02011100,2569003,32,20181123004441,http://tong.visitkorea.or.kr/cms/resource/72/2566872_image2_1.jpg,http://tong.visitkorea.or.kr/cms/resource/72/2566872_image3_1.jpg,Type3,128.7215095058,36.5672736337,,20250919163857,11,010-3538-0785,게스트하우스 play at home(플레이앳홈),36690,47,170,AC,AC06,AC060200
48,대구광역시 중구 국채보상로 657-12 (동인동2가),,4,B02,B0201,B02010900,819941,32,20091014224207,http://tong.visitkorea.or.kr/cms/resource/10/3476610_image2_1.jpg,http://tong.visitkorea.or.kr/cms/resource/10/3476610_image3_1.jpg,Type3,128.6031119965,35.8700840060,6,20250919094757,8,,히로텔,41914,27,110,AC,AC04,AC040100
49,강원특별자치도 강릉시 사천면 너다리길 87,,32,B02,B0201,B02010700,3540230,32,20250917171451,,,,128.8508794218,37.8339666020,6,20250917171514,1,,고심스테이,25435,51,150,AC,AC03,AC030100
50,강원특별자치도 강릉시 강동면 산성우리길 12-5,,32,B02,B0201,B02010700,3539443,32,20250917133557,,,,129.0243769535,37.6783268789,6,20250917133630,1,,산성펜션텔,25630,51,150,AC,AC03,AC030100
51,강원특별자치도 강릉시 창해로 27 (견소동),,32,B02,B0201,B02010700,3537760,32,20250916130920,,,,128.9445533809,37.7744003243,6,20250916130939,1,,안목을높이다,25556,51,150,AC,AC03,AC030100
52,강원특별자치도 강릉시 사천면 해안로 902,,32,B02,B0201,B02010700,3536898,32,20250915105014,,,,128.8769188198,37.8313896308,6,20250916092033,1,,페리아902,25440,51,150,AC,AC03,AC030100
53,강원특별자치도 강릉시 창해로370번길 3 (강문동),,32,B02,B0201,B02010700,3536383,32,20250912141913,,,,128.9169552033,37.7958000874,6,20250912141931,1,,"기억스테이(ㄱstay), 메모리스테이",25467,51,150,AC,AC03,AC030100
54,강원특별자치도 강릉시 사천면 해안로 725-2,,32,B02,B0201,B02010700,3534477,32,20250910134217,,,,128.8895513798,37.8195940205,6,20250910134240,1,,코스테,25459,51,150,AC,AC03,AC030100
55,전라남도 진도군 고군면 원포길 226,,38,B02,B0201,B02010700,3511367,32,20250722165142,,,,126.3770576294,34.4817629973,6,20250901150930,21,,골드마운틴하우스 (유한회사진도휴식),58907,46,900,AC,AC03,AC030100
56,충청북도 충주시 앙성면 산전장수1길 103,,33,B02,B0201,B02010500,136642,32,20031110090000,http://tong.visitkorea.or.kr/cms/resource/85/3525285_image2_1.jpg,http://tong.visitkorea.or.kr/cms/resource/85/3525285_image3_1.jpg,Type3,127.7956963388,37.1018173176,6,20250822095929,11,,켄싱턴리조트 충주,27302,43,130,AC,AC02,AC020100
57,충청북도 청주시 청원구 오창읍 미래지로 71-54,,33,B02,B0201,B02011600,2707444,32,20210227005520,http://tong.visitkorea.or.kr/cms/resource/14/3067814_image2_1.jpg,http://tong.visitkorea.or.kr/cms/resource/14/3067814_image3_1.jpg,Type1,127.4055417589,36.7351218825,,20250813155303,10,043-233-9966,가영당,28105,43,114,AC,AC03,AC030200
58,전라남도 보성군 복내면 개기로 1529-45,,38,B02,B0201,B02011600,2604493,32,20190531183959,http://tong.visitkorea.or.kr/cms/resource/43/2679743_image2_1.jpg,http://tong.visitkorea.or.kr/cms/resource/43/2679743_image3_1.jpg,Type3,127.1183320154,34.9081246226,6,20250731180109,10,,(사)한국천연염색 숨(보성천연염색공예관 숨),59405,46,780,AC,AC03,AC030200
59,인천광역시 중구 은하수로 35 (중산동),로얄엠포리움호텔,2,B02,B0201,B02010100,3469415,32,20250123084525,,,,126.5782901754,37.4918752573,6,20250730103853,10,032-752-5996,로얄엠포리움호텔,22410,28,110,AC,AC01,AC010100
60,인천광역시 옹진군 백령면 백령로 461-18,461-14 1동,2,B02,B0201,B02010700,3469455,32,20250123093313,,,,124.6976727988,37.9734037010,6,20250730103217,9,032-836-0410,루시아펜션,23101,28,720,AC,AC03,AC030100
61,경상남도 고성군 개천면 청광6길 25-12,박진사고택,36,B02,B0201,B02011600,2595502,32,20190408185142,http://tong.visitkorea.or.kr/cms/resource/72/2918272_image2_1.jpg,http://tong.visitkorea.or.kr/cms/resource/72/2918272_image3_1.jpg,Type3,128.3079417017,35.1170246518,,20250729145357,3,010-2063-2541,박진사고택,52903,48,820,AC,AC03,AC030200
62,강원특별자치도 정선군 정선읍 봉양3길 22-8,,32,B02,B0201,B02011600,1972030,32,20141210023329,http://tong.visitkorea.or.kr/cms/resource/22/2629122_image2_1.jpg,http://tong.visitkorea.or.kr/cms/resource/22/2629122_image3_1.jpg,Type3,128.6606826368,37.3794293286,,20250626102456,11,010-5377-1162,상유재,26131,51,770,AC,AC03,AC030200
63,세종특별자치시 장군면 태산길 75-3,,8,B02,B0201,B02011600,2668426,32,20200821224803,,,,127.1899356188,36.5510558482,,20250520210822,1,,학림재,30050,36110,36110,AC,AC03,AC030200
64,서울특별시 중구 퇴계로 67,,1,B02,B0201,B02010100,2586384,32,20190109184205,http://tong.visitkorea.or.kr/cms/resource/20/2821120_image2_1.jpg,http://tong.visitkorea.or.kr/cms/resource/20/2821120_image3_1.jpg,Type3,126.9795572285,37.5597189467,6,20250514093340,24,02-317-4000,레스케이프 호텔(L’Escape Hotel),04529,11,140,AC,AC01,AC010100
65,강원특별자치도 홍천군 서면 한치골길 262,,32,B02,B0201,B02010500,2913675,32,20221107190211,,,,127.6779191584,37.6407750399,6,20250417141001,16,,소노펫클럽앤리조트,25102,51,720,AC,AC02,AC020100
66,강원특별자치도 평창군 봉평면 진조2길 281-4,,32,B02,B0201,B02010700,2801445,32,20211217225802,http://tong.visitkorea.or.kr/cms/resource/34/2801434_image2_1.jpg,http://tong.visitkorea.or.kr/cms/resource/34/2801434_image2_1.jpg,Type3,128.3165999753,37.5560773752,6,20250411135732,15,,대박이하우스,25308,51,760,AC,AC03,AC030100
67,서울특별시 서초구 강남대로 253 (서초동),,1,B02,B0201,B02010100,3465128,32,20250108173707,,,,127.0327822456,37.4859840219,6,20250411090950,15,,힐튼 가든 인 서울 강남,06735,11,650,AC,AC01,AC010100
68,전라남도 영암군 모정1길 37-11,,38,B02,B0201,B02011600,1883593,32,20140109221531,http://tong.visitkorea.or.kr/cms/resource/73/2574173_image2_1.jpg,http://tong.visitkorea.or.kr/cms/resource/73/2574173_image3_1.jpg,Type3,126.6123770221,34.7777835946,6,20250328113056,17,061-471-7675,월인당,58433,46,830,AC,AC03,AC030200
69,인천광역시 미추홀구 토금북로18번길 11 (용현동),,2,B02,B0201,B02010900,3469452,32,20250123092917,,,,126.6362692579,37.4543445307,6,20250319175758,3,032-886-2393,럭셔리 G 모텔,22186,28,177,AC,AC04,AC040100
70,인천광역시 옹진군 영흥면 선재로 76-27,,2,B02,B0201,B02010700,3469451,32,20250123092528,,,,126.5309181873,37.2365290775,6,20250319175739,9,010-6350-5535,러블리펫108 애견펜션,23123,28,720,AC,AC03,AC030100
71,전라남도 해남군 북평면 동촌길 42-27,,38,B02,B0201,B02010700,3469414,32,20250123083416,,,,126.6408826574,34.4397470131,6,20250319175616,23,061-535-3133,땅끝남도의향기,59054,46,820,AC,AC03,AC030100
72,광주광역시 동구 구성로204번길 13 (대인동),,5,B02,B0201,B02011100,3469412,32,20250123082604,,,,126.9158187571,35.1528213947,6,20250319174340,3,0503-5052-1952,김냇과,61473,29,110,AC,AC06,AC060200
73,경상남도 거제시 사등면 성포로 319,,36,B02,B0201,B02010900,3469422,32,20250123085923,,,,128.5370991949,34.9180260651,6,20250319174318,1,0503-5050-5165,그레이70호텔,53276,48,310,AC,AC04,AC040100
74,경상남도 남해군 남해읍 화전로 60-3,,36,B02,B0201,B02010900,3049858,32,20231124201110,,,,127.8946990482,34.8367460007,6,20250317200039,5,"055-864-1002, 055-864-1003, 010-5567-1700",맨하탄호텔,52424,48,840,AC,AC04,AC040100
75,강원특별자치도 평창군 봉평면 흥정계곡길 410,,32,B02,B0201,B02010700,3044585,32,20231118132854,http://tong.visitkorea.or.kr/cms/resource/30/3054030_image2_1.jpg,http://tong.visitkorea.or.kr/cms/resource/30/3054030_image3_1.jpg,Type1,128.3311210307,37.6438730481,6,20250317133321,15,010-5176-1613,바다내음펜션,25300,51,760,AC,AC03,AC030100
76,전라남도 순천시 강변로 669 순천게스트하우스느림,,38,B02,B0201,B02011100,2398942,32,20160811001356,http://tong.visitkorea.or.kr/cms/resource/77/2691877_image2_1.jpg,http://tong.visitkorea.or.kr/cms/resource/77/2691877_image3_1.jpg,Type3,127.4956284317,34.9465934133,6,20250304162613,11,010-9229-8917,순천게스트하우스느림,57960,46,150,AC,AC06,AC060200
77,경상남도 창원시 성산구 용지로 102 개나리종합상가,,36,B02,B0201,B02010100,2811449,32,20220310150526,http://tong.visitkorea.or.kr/cms/resource/07/2808507_image2_1.png,http://tong.visitkorea.or.kr/cms/resource/07/2808507_image3_1.png,Type3,128.6783758898,35.2245192728,6,20250122141220,16,055-266-3600,AT비지니스호텔,51515,48,123,AC,AC01,AC010100
78,충청남도 태안군 몽대로 448,,34,B02,B0201,B02010700,2804347,32,20221230230442,http://tong.visitkorea.or.kr/cms/resource/41/2803441_image2_1.jpg,http://tong.visitkorea.or.kr/cms/resource/41/2803441_image3_1.jpg,Type3,126.2741703813,36.6766143894,6,20250122110029,14,010-3223-1183,스테이 앤드 스튜디오 여여재,32152,44,825,AC,AC03,AC030100
79,전라남도 여수시 충무로 54-2,(충무동),38,B02,B0201,B02010100,2804371,32,20221231000758,http://tong.visitkorea.or.kr/cms/resource/29/2803529_image2_1.jpg,http://tong.visitkorea.or.kr/cms/resource/29/2803529_image3_1.jpg,Type3,127.7316657440,34.7413177426,6,20250122103842,13,061-924-5000,호텔케니여수,59732,46,130,AC,AC01,AC010100
80,경기도 가평군 묵안로 287,,31,B02,B0201,B02010700,2740726,32,20210907181213,http://tong.visitkorea.or.kr/cms/resource/92/2811492_image2_1.jpg,http://tong.visitkorea.or.kr/cms/resource/92/2811492_image2_1.jpg,Type3,127.5077289331,37.6451630576,6,20250121161447,1,010-3937-5599,반디빌리지,12470,41,820,AC,AC03,AC030100
81,전라남도 여수시 돌산읍 강남로 11,,38,B02,B0201,B02010100,2708659,32,20210310000223,http://tong.visitkorea.or.kr/cms/resource/05/2709005_image2_1.jpg,http://tong.visitkorea.or.kr/cms/resource/05/2709005_image3_1.jpg,Type3,127.7482982400,34.7170457484,,20250121110818,13,061-642-0000,라마다프라자 바이윈덤 여수,59769,46,130,AC,AC01,AC010100
82,전북특별자치도 부안군 동중3길 18,,37,B02,B0201,B02010900,2528107,32,20180103232108,http://tong.visitkorea.or.kr/cms/resource/98/2992998_image2_1.jpg,http://tong.visitkorea.or.kr/cms/resource/98/2992998_image3_1.jpg,Type1,126.7351424447,35.7284141920,6,20250120172001,6,063-584-9935,샤니모텔,56308,52,800,AC,AC04,AC040100
83,인천광역시 강화군 내가면 강화서로225번길 18-1,,2,B02,B0201,B02011600,2468936,32,20161222180351,http://tong.visitkorea.or.kr/cms/resource/23/2451823_image2_1.jpg,http://tong.visitkorea.or.kr/cms/resource/23/2451823_image2_1.jpg,Type3,126.3892095829,37.7161235947,,20250120144737,1,010-6216-5598,옛날에금잔디,23018,28,710,AC,AC03,AC030200
84,경상북도 청송군 주왕산로 494,,35,B02,B0201,B02011600,2048454,32,20151211003738,http://tong.visitkorea.or.kr/cms/resource/42/3070842_image2_1.jpg,http://tong.visitkorea.or.kr/cms/resource/42/3070842_image3_1.jpg,Type1,129.1090834476,36.3783747152,6,20250117172645,21,054-874-9098,한 바이 소노,37437,47,750,AC,AC03,AC030200
85,경상북도 경주시 내남면 포석로 435-9,,35,B02,B0201,B02011600,2603913,32,20190530002513,,,,129.2041228345,35.7805108903,6,20250117141040,2,010-4624-6880,후연지한옥펜션,38197,47,130,AC,AC03,AC030200
86,강원특별자치도 춘천시 남이섬길 1 남이섬,,32,B02,B0201,B02010500,2557959,32,20180817194556,http://tong.visitkorea.or.kr/cms/resource/34/2815934_image2_1.jpg,http://tong.visitkorea.or.kr/cms/resource/34/2815934_image3_1.jpg,Type3,127.5255090138,37.7963208193,6,20250116171850,13,031-580-8004,호텔정관루별관(콘도별장),24464,51,110,AC,AC02,AC020100
87,전라남도 순천시 순천만길 560,(대대동),38,B02,B0201,B02011100,2697690,32,20201214200603,,,,127.5094647400,34.8910221168,,20241224175902,11,,무진,58027,46,150,AC,AC06,AC060200
88,전북특별자치도 완주군 이서면 신지앵곡길 237-10,,37,B02,B0201,B02011100,2697881,32,20201214233053,,,,127.0316529740,35.8036857071,,20241224172430,8,,콩쥐팥쥐 관광 한옥리조트,55368,52,710,AC,AC06,AC060200
89,경상북도 안동시 서후면 풍산태사로 3193-6,(서후면),35,B02,B0201,B02011600,1883135,32,20140108233649,http://tong.visitkorea.or.kr/cms/resource/94/2993094_image2_1.jpg,http://tong.visitkorea.or.kr/cms/resource/94/2993094_image3_1.jpg,Type1,128.6784947054,36.6347484530,,20241220094626,11,010-3522-1542,안동고택 이상루,36616,47,170,AC,AC03,AC030200
90,경상북도 안동시 임하면 기르마제길 18-15,,35,B02,B0201,B02011600,2706485,32,20210219002355,http://tong.visitkorea.or.kr/cms/resource/29/2706129_image2_1.jpg,http://tong.visitkorea.or.kr/cms/resource/29/2706129_image3_1.jpg,Type3,128.8668396641,36.5195151591,,20241219183520,11,054-822-2704,오류헌,36731,47,170,AC,AC03,AC030200
91,경상남도 고성군 하일면 학동돌담길 55,(하일면),36,B02,B0201,B02011600,1990092,32,20150227225142,http://tong.visitkorea.or.kr/cms/resource/12/2574712_image2_1.jpg,http://tong.visitkorea.or.kr/cms/resource/12/2574712_image3_1.jpg,Type3,128.1936699642,34.9505829528,6,20241219135118,3,010-3824-4274,고성 최필간고택,52956,48,820,AC,AC03,AC030200
92,경기도 양평군 양동면 장만대길 89-11,유선재,31,B02,B0201,B02011600,3438041,32,20241206100343,,,,127.7092929219,37.4905124838,6,20241218153651,19,0507-1344-4366,유선재,12533,41,830,AC,AC03,AC030200
93,경기도 양평군 단월면 섬이길 216,,31,B02,B0201,B02010700,3438560,32,20241206115056,,,,127.5884305134,37.6252835176,6,20241218153557,19,0507-1458-8487,잔원유림 풀빌라,12525,41,830,AC,AC03,AC030100
94,서울특별시 종로구 평창1길 7-4 (평창동),2층,1,B02,B0201,B02011100,3438559,32,20241206114845,,,,126.9635768407,37.6052328134,6,20241218153532,23,0507-1414-2388,Stay Vibe,03008,11,110,AC,AC06,AC060200
95,전라남도 나주시 금성관길 43-4 (산정동),,,B02,B0201,B02011600,3438052,32,20241206101027,,,,126.7150505552,35.0346869107,6,20241218153306,,010-6551-0393,중정독채,58257,46,170,AC,AC03,AC030200
96,전라남도 나주시 노안면 금안한옥길 43,,,B02,B0201,B02011600,3438590,32,20241206125634,,,,126.6857548797,35.0769399852,6,20241218153135,,010-9887-6244,중정별채,58210,46,170,AC,AC03,AC030200
97,전라남도 구례군 광의면 은행정1길 27-5,,,B02,B0201,B02011600,3438591,32,20241206125841,,,,127.4536328486,35.2440369728,6,20241218153056,,0507-1401-9983,구례 문 한옥 게스트 하우스,57614,46,730,AC,AC03,AC030200
98,서울특별시 성북구 성북로 76-11 (성북동),,1,B02,B0201,B02011600,3438431,32,20241206111853,,,,127.0000238388,37.5939097842,6,20241218152846,17,0504-0904-2789,사월 한옥,02836,11,290,AC,AC03,AC030200
99,서울특별시 동대문구 서울시립대로25길 10 (전농동),B101호,1,B02,B0201,B02011100,3438659,32,20241206132405,,,,127.0522138438,37.5827620188,6,20241218152408,11,010-7656-3228,그루브하우스,02557,11,230,AC,AC06,AC060200
100,서울특별시 종로구 자하문로 33-7 (통인동),,,B02,B0201,B02011600,3438160,32,20241206102442,,,,126.9709796860,37.5790276599,6,20241218151424,,0507-1348-3282,통인 1939,03040,11,110,AC,AC03,AC030200
101,전라남도 여수시 박람회길 99,(덕충동),38,B02,B0201,B02010100,2604347,32,20190531013443,,,,127.7452196757,34.7585521582,,20241209174030,13,,한옥호텔 오동재,59723,46,130,AC,AC01,AC010100
102,경기도 파주시 문산읍 방촌로1294번길 47,,,B02,B0201,B02011600,3102079,32,20240217113832,,,,126.7542726294,37.8403822302,6,20241205130334,,031-906-3939,한옥에서 하루를,10841,41,480,AC,AC03,AC030200
103,전라남도 구례군 토지면 운조루길 35-17,,,B02,B0201,B02011600,3102031,32,20240217111637,,,,127.5118592361,35.2066505326,6,20241205124320,,010-3671-8252,소산당,57624,46,730,AC,AC03,AC030200
104,서울특별시 종로구 북촌로 94-14 (가회동),선음재,1,B02,B0201,B02011600,3102210,32,20240217152332,,,,126.9856309563,37.5850966614,6,20241205124230,23,010-2882-1090,선음재,03051,11,110,AC,AC03,AC030200
105,서울특별시 용산구 이태원로26길 25-12 (이태원동),,1,B02,B0201,B02011100,3102095,32,20240217123648,,,,126.9939205548,37.5333861525,6,20241205111644,21,010-5703-5703,보라보라,04391,11,170,AC,AC06,AC060200
106,전라남도 장흥군 장흥읍 송산길 59,,38,B02,B0201,B02011600,3102200,32,20240217151013,,,,126.8901667154,34.6530355573,6,20241128093706,20,010-5239-1592,오래된 숲(송산),59336,46,800,AC,AC03,AC030200
107,서울특별시 종로구 효자로7길 7-5,(통의동),1,B02,B0201,B02011600,2695730,32,20201210034449,,,,126.9734877974,37.5787999537,,20241127155914,23,,효자스테이,03044,11,110,AC,AC03,AC030200
108,경기도 파주시 탄현면 샘철길 38-12,,31,B02,B0201,B02011100,2671726,32,20200910191129,,,,126.6887356312,37.7894981080,,20241127154902,27,,헤이리풀빌라 워라벨 호스텔,10858,41,480,AC,AC06,AC060200
109,경상북도 울릉군 울릉읍 도동1길 35-10,,35,B02,B0201,B02010700,2570099,32,20181127183502,http://tong.visitkorea.or.kr/cms/resource/25/2568025_image2_1.jpg,http://tong.visitkorea.or.kr/cms/resource/25/2568025_image2_1.jpg,Type3,130.9064432767,37.4831429411,,20241127154539,17,054-791-7737,해오름관광펜션,40227,47,940,AC,AC03,AC030100
110,제주특별자치도 서귀포시 천제연로 158-4,(중문동),39,B02,B0201,B02011100,2626708,32,20191017231845,,,,126.4213570284,33.2523116402,,20241127154456,3,,해성파크텔,63546,50,130,AC,AC06,AC060200
111,충청남도 태안군 소원면 송의로 695-9,,34,B02,B0201,B02011600,2544734,32,20180427012040,http://tong.visitkorea.or.kr/cms/resource/12/2680312_image2_1.JPG,http://tong.visitkorea.or.kr/cms/resource/12/2680312_image2_1.JPG,Type3,126.1612654683,36.8300475341,6,20241127154327,14,010-4498-8808,한채당 한옥체험관,32121,44,825,AC,AC03,AC030200
112,전라남도 목포시 유동로 51,(중앙동3가),38,B02,B0201,B02011600,2607675,32,20190622003017,,,,126.3802361926,34.7864010293,,20241127154002,8,010-9448-4398,학은재,58755,46,110,AC,AC03,AC030200
113,경기도 양평군 강하면 전의1길 43-6,,31,B02,B0201,B02010700,2651390,32,20200406195429,http://tong.visitkorea.or.kr/cms/resource/13/2721113_image2_1.jpg,http://tong.visitkorea.or.kr/cms/resource/13/2721113_image3_1.jpg,Type3,127.4333815136,37.5012756128,,20241127151922,19,010-9081-5411,한옥마을 황토펜션[한국관광 품질인증/Korea Quality],12575,41,830,AC,AC03,AC030100
114,강원특별자치도 홍천군 서면 팔봉강변길 229,,32,B02,B0201,B02010700,629065,32,20080927001050,http://tong.visitkorea.or.kr/cms/resource/28/1853128_image2_1.jpg,http://tong.visitkorea.or.kr/cms/resource/28/1853128_image3_1.jpg,Type3,127.7097007133,37.6977329075,6,20241127144922,16,010-8182-7833,타샤의 정원,25101,51,720,AC,AC03,AC030100
115,부산광역시 해운대구 해운대해변로197번길 14,(우동),6,B02,B0201,B02011100,2663616,32,20200715191913,,,,129.1530057486,35.1594102909,,20241127144627,16,,캔버스 블랙,48093,26,350,AC,AC06,AC060200
116,부산광역시 해운대구 해운대해변로197번길 13,(우동),6,B02,B0201,B02011100,2622984,32,20191005012100,,,,129.1526891145,35.1592353048,,20241127144557,16,010-2665-2183,캔버스,48093,26,350,AC,AC06,AC060200
117,서울특별시 종로구 북촌로 20-17,(재동),1,B02,B0201,B02011600,2575836,32,20181210230601,http://tong.visitkorea.or.kr/cms/resource/42/2575642_image2_1.PNG,http://tong.visitkorea.or.kr/cms/resource/42/2575642_image2_1.PNG,Type3,126.9856811352,37.5786279695,,20241127144135,23,,북촌 게스트하우스,03059,11,110,AC,AC03,AC030200
118,전라남도 목포시 북교길 27,(북교동),38,B02,B0201,B02011100,2570728,32,20181129014634,http://tong.visitkorea.or.kr/cms/resource/13/2568913_image2_1.jpg,http://tong.visitkorea.or.kr/cms/resource/13/2568913_image2_1.jpg,Type3,126.3782306228,34.7943501009,,20241127140051,8,010-4136-1137,주식회사 더 오래뜰(게스트하우스 오래뜰),58725,46,110,AC,AC06,AC060200
119,전라남도 여수시 돌산읍 돌산로 3086,,38,B02,B0201,B02011100,2621735,32,20190930191055,,,,127.7629057701,34.6984230861,,20241127131421,13,010-3628-6337,자연담은(자연담은펜션),59771,46,130,AC,AC06,AC060200
120,경상북도 영덕군 축산면 상원길 109-24,,35,B02,B0201,B02011600,2699354,32,20201217035824,,,,129.4007483452,36.5076045038,,20241127130250,12,,은혜당,36419,47,770,AC,AC03,AC030200
121,전라남도 영암군 군서면 월암길 116-29,,38,B02,B0201,B02011600,2699326,32,20201217024727,,,,126.6545568287,34.7698768483,,20241127125852,17,,월출산 청풍명월,58434,46,830,AC,AC03,AC030200
122,부산광역시 수영구 광안해변로370번길 9-32,(민락동),6,B02,B0201,B02011100,2699563,32,20201218014724,,,,129.1343130018,35.1567852389,,20241127115115,12,,옐로우라이트하우스,48280,26,500,AC,AC06,AC060200
123,경상남도 산청군 단성면 지리산대로 2901-6,,36,B02,B0201,B02011600,2620236,32,20190921021521,,,,127.9367784380,35.2737087577,,20241127114625,9,,예다움,52252,48,860,AC,AC03,AC030200
124,전북특별자치도 무주군 설천면 보안길 90,,37,B02,B0201,B02010700,2699322,32,20201217023851,,,,127.7681903294,35.9073646256,,20241127111232,5,,양지 뜰 펜션(무주양지뜰펜션),55557,52,730,AC,AC03,AC030100
125,경기도 가평군 설악면 유명로 2108,,31,B02,B0201,B02010700,2626972,32,20191018200931,,,,127.4600929288,37.6949258467,,20241126164159,1,,아르노펜션,12459,41,820,AC,AC03,AC030100
126,경상남도 고성군 삼산면 자란만로 2128,,36,B02,B0201,B02010700,2579802,32,20181218234835,,,,128.2361859070,34.9424818379,6,20241126160615,3,055-673-0666,수성그린비,52954,48,820,AC,AC03,AC030100
127,서울특별시 마포구 마포대로14길 12-17,(공덕동),1,B02,B0201,B02011600,2696312,32,20201210223650,,,,126.9559902624,37.5480393261,,20241126155751,13,,소담스테이,04210,11,440,AC,AC03,AC030200
128,경상북도 경주시 내남면 포석로 435-12,,35,B02,B0201,B02011600,2701396,32,20201225003016,,,,129.2045588973,35.7808636366,,20241126154259,2,,서남산한옥,38197,47,130,AC,AC03,AC030200
129,인천광역시 중구 영종진광장로 52,(중산동),2,B02,B0201,B02010700,2700223,32,20201221224903,,,,126.5789899894,37.4962469840,,20241126152437,10,,블루오션펜션,22393,28,110,AC,AC03,AC030100
130,경상남도 사천시 서포면 토끼로 245-41,,36,B02,B0201,B02010700,2572858,32,20181204203547,http://tong.visitkorea.or.kr/cms/resource/96/2571696_image2_1.jpg,http://tong.visitkorea.or.kr/cms/resource/96/2571696_image2_1.jpg,Type3,127.9662193887,34.9898550844,,20241126150447,8,010-2852-5674,바다정원펜션,52545,48,240,AC,AC03,AC030100
131,전북특별자치도 전주시 완산구 오목대길 40 양사재,,37,B02,B0201,B02011600,1871362,32,20131216231219,http://tong.visitkorea.or.kr/cms/resource/41/2999041_image2_1.jpg,http://tong.visitkorea.or.kr/cms/resource/41/2999041_image3_1.jpg,Type1,127.1541362693,35.8131450840,6,20241126135202,12,063-282-4959,문화공간 양사재,55045,52,111,AC,AC03,AC030200
132,제주특별자치도 서귀포시 돈내코로 180,(상효동),39,B02,B0201,B02011100,2621853,32,20190930223222,,,,126.5785144865,33.3029335392,,20241126130853,3,010-7277-1439,돈내코힐 리조트,63582,50,130,AC,AC06,AC060200
133,경상북도 청도군 각남면 구곡1길 66-32,,35,B02,B0201,B02010700,2692190,32,20201207182215,,,,128.6681627264,35.6373698403,,20241126130248,20,,더 포레 관광펜션,38321,47,820,AC,AC03,AC030100
134,전북특별자치도 무주군 설천면 내배방길 22,,37,B02,B0201,B02010700,2575832,32,20181210230201,http://tong.visitkorea.or.kr/cms/resource/14/2575614_image2_1.jpg,http://tong.visitkorea.or.kr/cms/resource/14/2575614_image2_1.jpg,Type3,127.7567356523,35.9124582874,,20241126115039,5,"063-322-3759 , 010-7231-2050",눈꽃여행,55555,52,730,AC,AC03,AC030100
135,경기도 포천시 소흘읍 죽엽산로 490,,31,B02,B0201,B02010700,2622230,32,20191002023130,,,,127.1649226080,37.7907315317,,20241126112018,29,010-7204-7604,관광 꿈꾸는숲 펜션,11185,41,650,AC,AC03,AC030100
136,전라남도 구례군 토지면 곡전재길 15-2,,38,B02,B0201,B02011600,2607706,32,20190622004817,,,,127.5139035800,35.2035703599,,20241126111839,5,010-5625-8444,곡전재,57624,46,730,AC,AC03,AC030200
137,전라남도 해남군 북평면 동해길 108-23,,38,B02,B0201,B02011600,2604533,32,20190531200140,,,,126.6314417760,34.4415633214,,20241126111339,23,010-5024-5402,고집불통송가네,59054,46,820,AC,AC03,AC030200
138,충청북도 단양군 가곡면 가대1길 55,,33,B02,B0201,B02010700,2571935,32,20181130222234,http://tong.visitkorea.or.kr/cms/resource/11/2570911_image2_1.jpg,http://tong.visitkorea.or.kr/cms/resource/11/2570911_image2_1.jpg,Type3,128.4094123770,37.0428882901,,20241126104204,2,010-3789-7322,단양추억펜션,27021,43,800,AC,AC03,AC030100
139,전라남도 여수시 돌산읍 강남해안로 60,,38,B02,B0201,B02011100,2692394,32,20201207191909,,,,127.7454595180,34.7202425635,,20241126103327,13,,GRIDA(그리다 리조트),59768,46,130,AC,AC06,AC060200
140,경상북도 경주시 감포읍 동해안로 1819-23,,35,B02,B0201,B02010700,2628004,32,20191021232857,,,,129.4917340697,35.7705924587,,20241121113632,2,,에스지빌라앤호텔(미동의),38123,47,130,AC,AC03,AC030100
141,강원특별자치도 평창군 봉평면 태기로 174,,32,B02,B0201,B02010500,136616,32,20040517090000,http://tong.visitkorea.or.kr/cms/resource/36/1335736_image2_1.jpg,http://tong.visitkorea.or.kr/cms/resource/36/1335736_image3_1.jpg,Type3,128.3251818060,37.5804025028,6,20241002150818,15,1577-0069,휘닉스 평창 콘도,25307,51,760,AC,AC02,AC020100
142,강원특별자치도 강릉시 창해로 307 세인트존스호텔,,32,B02,B0201,B02010100,2913922,32,20221111170219,http://tong.visitkorea.or.kr/cms/resource/58/2922358_image2_1.jpg,http://tong.visitkorea.or.kr/cms/resource/58/2922358_image3_1.jpg,Type3,128.9215243801,37.7911618243,6,20240920101503,1,,세인트존스호텔 파인 인피니티풀,25467,51,150,AC,AC01,AC010100
143,인천광역시 강화군 화도면 해안남로 2421-202,,2,B02,B0201,B02010700,3102225,32,20240217154300,,,,126.3774327523,37.6206900708,6,20240819180604,1,010-7170-4204,에떼르모 펜션,23061,28,710,AC,AC03,AC030100
144,경상남도 거제시 장평로 72 (장평동),,36,B02,B0201,B02010900,3044645,32,20231118144753,http://tong.visitkorea.or.kr/cms/resource/66/3055266_image2_1.jpg,http://tong.visitkorea.or.kr/cms/resource/66/3055266_image3_1.jpg,Type1,128.6096047007,34.8913275791,6,20240819172758,1,"055-636-7772, 055-636-7773",프라다모텔,53265,48,310,AC,AC04,AC040100
145,전북특별자치도 전주시 완산구 향교길 155-13 (교동),1층,37,B02,B0201,B02010700,3101963,32,20240217101651,,,,127.1582109154,35.8128146371,6,20240819172614,12,010-3534-0869,향교길선우가,55045,52,111,AC,AC03,AC030100
146,경상북도 경주시 포석로1050번길 8-6 (황남동),,35,B02,B0201,B02011600,3102067,32,20240217112423,,,,129.2101318918,35.8342438298,6,20240819171822,2,0507-1364-1437,온새미한옥,38166,47,130,AC,AC03,AC030200
147,강원특별자치도 횡성군 서원면 월송석화로 496,,32,B02,B0201,B02010700,3044623,32,20231118143241,,,,127.8358238594,37.4657121426,6,20240819163129,18,010-4191-4098,엔제이 풀빌라펜션,25202,51,730,AC,AC03,AC030100
148,경상남도 밀양시 밀양향교2길 4-7 (교동),,36,B02,B0201,B02011600,3101972,32,20240217104123,,,,128.7550809844,35.5046308478,6,20240819161926,7,010-3883-2939,문화객가 사랑채,50420,48,270,AC,AC03,AC030200
149,대구광역시 남구 이천로28길 27-2 (이천동),,4,B02,B0201,B02011600,3102106,32,20240217124929,,,,128.5995960785,35.8543079491,6,20240819161533,1,010-7552-9456,스테이 원향,42431,27,200,AC,AC03,AC030200
150,강원특별자치도 춘천시 백령로75번길 38 (효자동),1층,32,B02,B0201,B02011600,3102069,32,20240217112658,,,,127.7350571602,37.8716465019,6,20240819160425,13,010-8466-6518,스테이 물결,24339,51,110,AC,AC03,AC030200
151,충청북도 충주시 하종민길 28 (종민동),브리엔츠풀빌라,33,B02,B0201,B02010700,3102219,32,20240217153509,,,,127.9926790753,36.9893783382,6,20240819153801,11,0507-1318-3550,브리엔츠풀빌라,27484,43,130,AC,AC03,AC030100
152,전라남도 목포시 영산로 36-7 (대의동2가),,38,B02,B0201,B02011100,3102165,32,20240217150502,,,,126.3828442872,34.7867399223,6,20240819153016,8,0507-1336-6877,마실한옥,58754,46,110,AC,AC06,AC060200
153,경상북도 영천시 천문로 485 (화룡동),,35,B02,B0201,B02011600,3102167,32,20240217150621,,,,128.9233029829,35.9784693542,6,20240819150651,15,054-330-2751,동의참누리원 영천한의마을한옥체험관,38839,47,230,AC,AC03,AC030200
154,"경기도 안양시 동안구 관양로 279 (관양동, 삼우빌라)",303호,31,B02,B0201,B02011100,3101944,32,20240217095336,,,,126.9754927097,37.3981431886,6,20240819150249,17,0507-1338-3925,옥희와인 게스트하우스,13951,41,173,AC,AC06,AC060200
155,강원특별자치도 강릉시 명주로55번길 11 (홍제동),,32,B02,B0201,B02011600,3102105,32,20240217124813,,,,128.8873952430,37.7549264615,6,20240819085829,1,0507-1331-7469,고현,25527,51,150,AC,AC03,AC030200
156,부산광역시 부산진구 중앙대로691번길 32,(부전동),6,B02,B0201,B02010100,2490269,32,20170415014619,,,,129.0572642057,35.1546840499,6,20240806114318,7,010-9270-2597,아르반호텔[한국관광 품질인증/Korea Quality],47287,26,230,AC,AC01,AC010100
157,강원특별자치도 평창군 용평면 양지길 64,,32,B02,B0201,B02010700,398055,32,20080119033857,,,,128.4908983916,37.6399737692,6,20240731111419,15,"010-5393-5041, 033-334-5003, 033-334-6003",평창 숲속의아침,25312,51,760,AC,AC03,AC030100
158,경상북도 안동시 임하면 금소4길 23-4,,,B02,B0201,B02011600,3102215,32,20240217152959,,,,128.8528829179,36.5074607137,6,20240731111335,,0507-1466-9887,경함정,36731,47,170,AC,AC03,AC030200
159,경상북도 안동시 용상시장5길 3 (용상동),소소담 스테이,,B02,B0201,B02011600,3105332,32,20240217112030,,,,128.7492712062,36.5577280243,6,20240731111326,,010-4829-4557,소소담 스테이,36716,47,170,AC,AC03,AC030200
160,경상남도 남해군 남해읍 화전로122번길 28,,,B02,B0201,B02010900,3044520,32,20231118142637,http://tong.visitkorea.or.kr/cms/resource/47/3054647_image2_1.jpg,http://tong.visitkorea.or.kr/cms/resource/47/3054647_image3_1.jpg,Type1,127.8970570391,34.8420621126,6,20240731110823,,055-864-6678,CF모텔,52414,48,840,AC,AC04,AC040100
161,서울특별시 송파구 위례성대로2길 49 (방이동),지하 03호,,B02,B0201,B02011100,3102025,32,20240217105303,,,,127.1114909876,37.5128878700,6,20240731110742,,010-4242-1670,봉봉피아,05546,11,710,AC,AC06,AC060200
162,제주특별자치도 서귀포시 색달중앙로 162,,39,B02,B0201,B02010500,3112141,32,20240329151128,,,,126.4146822318,33.2691263446,6,20240731110403,3,,야크마을,63549,50,130,AC,AC02,AC020100
163,전북특별자치도 전주시 완산구 천경로 15-16 (동서학동),,,B02,B0201,B02010700,3101926,32,20240217093811,,,,127.1529531646,35.8084233783,6,20240731110335,,010-3670-7878,시간무늬펜션,55100,52,111,AC,AC03,AC030100
164,전라남도 순천시 호남길 140 (저전동),,,B02,B0201,B02011600,3101971,32,20240217104005,,,,127.4814267790,34.9514092941,6,20240731110327,,0507-1319-4205,나모:온,57957,46,150,AC,AC03,AC030200
165,경상남도 남해군 미조면 미조로14번길 6,3층,,B02,B0201,B02010900,3049860,32,20231124201341,,,,128.0467945136,34.7126208898,6,20240731105327,,"055-867-7737, 010-8741-5002",미조탕모텔,52442,48,840,AC,AC04,AC040100
166,서울특별시 중구 퇴계로68길 14 (광희동2가),,1,B02,B0201,B02010700,3103188,32,20240220095105,,,,127.0097710247,37.5638912266,6,20240731105149,24,010-4972-6903,리재,04614,11,140,AC,AC03,AC030100
167,전북특별자치도 전주시 완산구 전주천동로 64-10 (교동),,,B02,B0201,B02011600,3102214,32,20240217152842,,,,127.1538252293,35.8114924891,6,20240731105042,,010-4129-2950,색동저고리,55045,52,111,AC,AC03,AC030200
168,경상북도 경주시 외동읍 죽동길 160-100,,35,B02,B0201,B02010700,3112142,32,20240329151133,,,,129.3065788728,35.7412033678,6,20240731103825,2,,위클라드 애견 풀빌라,38203,47,130,AC,AC03,AC030100
169,경상북도 경주시 원효로272번길 3 (구황동),,,B02,B0201,B02011600,3102074,32,20240217113323,,,,129.2307465637,35.8408656933,6,20240731103610,,010-8854-7854,알천스테이 한옥커플가족독채펜션,38162,47,130,AC,AC03,AC030200
170,부산광역시 해운대구 우동1로 43 (우동),,,B02,B0201,B02010700,3101923,32,20240217093538,,,,129.1573774270,35.1653680384,6,20240731103350,,010-6263-9727,코즈플랫,48088,26,350,AC,AC03,AC030100
171,전라남도 장성군 북하면 궐전길 97,풍경의 아침,,B02,B0201,B02011600,3102033,32,20240217111911,,,,126.8849461235,35.3879442812,6,20240731103203,,0507-1380-1741,풍경의 아침,57206,46,880,AC,AC03,AC030200
172,대구광역시 북구 학정로9길 12 (태전동),호텔더스테이낭만태전점,,B02,B0201,B02010900,3044529,32,20231118145133,,,,128.5477350780,35.9147557036,6,20240731102827,,010-4537-9957,더스테이호텔 낭만 태전점,41468,27,230,AC,AC04,AC040100
173,경상북도 안동시 평화5길 62-8 (평화동),닿다 개울가애,,B02,B0201,B02011600,3102077,32,20240217113558,,,,128.7173459914,36.5670985760,6,20240731102754,,010-8490-0894,닿다 개울가애,36653,47,170,AC,AC03,AC030200
174,경상남도 고성군 회화면 구만로 1334,,,B02,B0201,B02010900,3044647,32,20231118134811,http://tong.visitkorea.or.kr/cms/resource/25/3054325_image2_1.jpg,http://tong.visitkorea.or.kr/cms/resource/25/3054325_image3_1.jpg,Type1,128.3773196728,35.0904899842,6,20240731102644,,055-672-9805,헤라모텔,52913,48,820,AC,AC04,AC040100
175,경상남도 거제시 거제면 거제남서로 3987,대산 오션뷰 스파 펜션,,B02,B0201,B02010700,3049866,32,20231124203147,,,,128.5546804358,34.8342329733,6,20240731102635,,010-8247-4994,대산 오션뷰 스파 펜션,53282,48,310,AC,AC03,AC030100
176,강원특별자치도 횡성군 둔내면 삽교로 558,헬로우펜션,32,B02,B0201,B02010700,3044648,32,20231118145623,,,,128.2727900391,37.5561126521,6,20240731102520,18,010-2993-3360,헬로우펜션,25261,51,730,AC,AC03,AC030100
177,제주특별자치도 서귀포시 남원읍 한신로531번길15,,39,B02,B0201,B02010700,3112140,32,20240329151140,,,,126.7443691759,33.3198870911,6,20240731101134,3,,제주정원집,63616,50,130,AC,AC03,AC030100
178,전북특별자치도 남원시 주천면 상주길 41-6,,,B02,B0201,B02011600,3101959,32,20240217101141,,,,127.4003896756,35.3768238321,6,20240731100950,,010-9069-4438,리스테이 남원,55803,52,190,AC,AC03,AC030200
179,서울특별시 종로구 자하문로7길 68-3 (누하동),101호,,B02,B0201,B02011100,3105331,32,20240217105145,,,,126.9691325909,37.5804885676,6,20240731100629,,010-7100-7872,여인숙 깔마,03036,11,110,AC,AC06,AC060200
180,전북특별자치도 전주시 완산구 풍남문2길 98-6 (전동3가),,,B02,B0201,B02011600,3101967,32,20240217103422,,,,127.1446732030,35.8139114999,6,20240731100314,,063-283-2100,전주하숙,55043,52,111,AC,AC03,AC030200
181,서울특별시 종로구 필운대로5가길 29,(누하동),1,B02,B0201,B02011600,2583741,32,20181228192600,,,,126.9675494067,37.5803191143,,20240731100220,23,0504-0904-2001,서촌영락재,03037,11,110,AC,AC03,AC030200
182,서울특별시 서대문구 이화여대길 43 (대현동),4층,,B02,B0201,B02011100,3102126,32,20240217130714,,,,126.9454964679,37.5588934317,6,20240731093713,,010-4362-6296,필스테이 이화 부띠끄,03766,11,410,AC,AC06,AC060200
183,전라남도 여수시 학동서4길 39 (학동),,,B02,B0201,B02010700,3102124,32,20240217130442,,,,127.6580577260,34.7637250705,6,20240731093547,,"0507-1375-7527, 010-5691-7527",정원이예쁜 독채 펜션,59672,46,130,AC,AC03,AC030100
184,서울특별시 영등포구 신풍로 72-5 (신길동),,1,B02,B0201,B02010700,3104366,32,20240217104358,,,,126.9142454258,37.4998275134,6,20240731093311,20,010-3981-0251,오늘스테이,07431,11,560,AC,AC03,AC030100
185,충청남도 금산군 금성면 큰말길 97-6,,,B02,B0201,B02011600,3101962,32,20240217101533,,,,127.4791431585,36.1375055061,6,20240731092221,,0507-1365-5159,한옥스테이 여백,32708,44,710,AC,AC03,AC030200
186,경상남도 거제시 옥포로4길 35 (옥포동),파라곤모텔,,B02,B0201,B02010900,3049822,32,20231124200333,http://tong.visitkorea.or.kr/cms/resource/07/3059007_image2_1.jpg,http://tong.visitkorea.or.kr/cms/resource/07/3059007_image3_1.jpg,Type1,128.6965526731,34.8920374020,6,20240731091626,,010-4018-3466,파라곤모텔,53231,48,310,AC,AC04,AC040100
187,대구광역시 중구 중앙대로81길 22,(동일동),4,B02,B0201,B02010100,2040065,32,20151110182700,,,,128.5923907230,35.8699449351,6,20240619164930,8,053-424-0001,에오스,41935,27,110,AC,AC01,AC010100
188,전라남도 무안군 청계면 해안로 313-56,,38,B02,B0201,B02010700,2003304,32,20150514222536,http://tong.visitkorea.or.kr/cms/resource/91/2003291_image2_1.jpg,http://tong.visitkorea.or.kr/cms/resource/91/2003291_image2_1.jpg,Type3,126.3963732339,34.9189891274,6,20240417165529,9,010-8674-5333,하늘별바다펜션&별다방,58541,46,840,AC,AC03,AC030100
189,인천광역시 강화군 화도면 해안남로 1986,,2,B02,B0201,B02010700,3111838,32,20240326191412,,,,126.4116745116,37.6044425634,6,20240326191548,1,,로만티카 애견리조트,23062,28,710,AC,AC03,AC030100
190,서울특별시 종로구 북촌로11가길 5 (가회동),,1,B02,B0201,B02011600,3072191,32,20231214171816,,,,126.9841756164,37.5821719756,6,20240324201941,23,02-3673-3666,노스텔지어,03052,11,110,AC,AC03,AC030200
191,서울특별시 성북구 성북로23나길 4,(성북동),1,B02,B0201,B02011100,2583200,32,20181227011427,,,,126.9928467606,37.5923237288,,20240324201919,17,010-8003-1323,아임그린게스트하우스,02879,11,290,AC,AC06,AC060200
192,경상북도 영양군 석보면 두들마을1길 42,,35,B02,B0201,B02011600,2598962,32,20190424201717,,,,129.1262931487,36.5643649863,,20240324201850,13,054-680-6444,장계향문화체험교육원,36560,47,760,AC,AC03,AC030200
193,서울특별시 용산구 만리재로36길 16-7,(서계동),1,B02,B0201,B02011100,2622608,32,20191002233357,,,,126.9666530196,37.5536999701,,20240324201739,21,02-2039-2911,서울역 알게스트하우스,04300,11,170,AC,AC06,AC060200
194,전북특별자치도 전주시 완산구 향교길 85-14,(교동),37,B02,B0201,B02011600,2629550,32,20191023194332,,,,127.1546501311,35.8124340633,,20240324201657,12,010-6631-2624,교동외갓집,55045,52,111,AC,AC03,AC030200
